 ,Position,Intensity
1,0.000,9.193
2,1.515,8.850
3,3.030,8.655
4,4.545,8.812
5,6.061,8.725
6,7.576,8.648
7,9.091,8.672
8,10.606,8.092
9,12.121,8.340
10,13.636,8.385
11,15.152,9.150
12,16.667,9.434
13,18.182,7.977
14,19.697,8.102
15,21.212,7.951
16,22.727,8.155
17,24.242,8.065
18,25.758,7.905
19,27.273,7.904
20,28.788,8.605
21,30.303,8.326
22,31.818,7.918
23,33.333,8.144
24,34.848,8.150
25,36.364,8.024
26,37.879,8.444
27,39.394,8.637
28,40.909,8.014
29,42.424,8.112
30,43.939,8.241
31,45.455,8.060
32,46.970,7.891
33,48.485,8.838
34,50.000,8.743
35,51.515,8.055
36,53.030,8.842
37,54.545,9.141
38,56.061,9.235
39,57.576,8.898
40,59.091,8.468
41,60.606,9.066
42,62.121,9.426
43,63.636,8.973
44,65.152,8.523
45,66.667,8.727
46,68.182,8.323
47,69.697,8.680
48,71.212,8.444
49,72.727,7.896
50,74.242,7.840
51,75.758,7.766
52,77.273,7.494
53,78.788,7.341
54,80.303,7.903
55,81.818,7.480
56,83.333,7.293
57,84.848,7.460
58,86.364,7.502
59,87.879,7.119
60,89.394,7.566
61,90.909,7.851
62,92.424,7.199
63,93.939,7.117
64,95.455,6.819
65,96.970,6.945
66,98.485,7.076
67,100.000,7.172
68,101.515,7.245
69,103.030,7.367
70,104.545,7.179
71,106.061,7.207
72,107.576,7.605
73,109.091,7.237
74,110.606,7.326
75,112.121,7.206
76,113.636,7.430
77,115.152,7.308
78,116.667,7.691
79,118.182,7.365
80,119.697,7.373
81,121.212,7.527
82,122.727,7.190
83,124.242,7.617
84,125.758,8.088
85,127.273,7.716
86,128.788,7.511
87,130.303,7.846
88,131.818,7.740
89,133.333,7.690
90,134.848,7.503
91,136.364,7.500
92,137.879,7.809
93,139.394,7.653
94,140.909,7.557
95,142.424,7.522
96,143.939,8.000
97,145.455,7.863
98,146.970,7.957
99,148.485,7.782
100,150.000,8.082
101,151.515,8.193
102,153.030,8.505
103,154.545,8.423
104,156.061,7.954
105,157.576,8.492
106,159.091,8.840
107,160.606,8.816
108,162.121,8.802
109,163.636,8.879
110,165.152,8.835
111,166.667,8.767
112,168.182,8.515
113,169.697,8.657
114,171.212,8.606
115,172.727,8.384
116,174.242,8.604
117,175.758,8.563
118,177.273,8.482
119,178.788,8.286
120,180.303,8.330
121,181.818,8.250
122,183.333,7.833
123,184.848,7.829
124,186.364,7.737
125,187.879,7.978
126,189.394,8.210
127,190.909,8.139
128,192.424,7.727
129,193.939,7.594
130,195.455,7.439
131,196.970,7.486
132,198.485,7.528
133,200.000,7.011
134,201.515,6.941
135,203.030,6.910
136,204.545,7.096
137,206.061,7.175
138,207.576,7.166
139,209.091,7.025
140,210.606,7.083
141,212.121,7.101
142,213.636,7.180
143,215.152,7.327
144,216.667,7.347
145,218.182,7.507
146,219.697,7.253
147,221.212,6.914
148,222.727,7.258
149,224.242,7.417
150,225.758,7.925
151,227.273,7.716
152,228.788,7.687
153,230.303,7.686
154,231.818,7.251
155,233.333,7.741
156,234.848,7.923
157,236.364,7.767
158,237.879,7.739
159,239.394,7.693
160,240.909,7.725
161,242.424,7.483
162,243.939,7.581
163,245.455,7.709
164,246.970,7.558
165,248.485,7.598
166,250.000,7.606
167,251.515,7.346
168,253.030,7.312
169,254.545,7.363
170,256.061,7.333
171,257.576,7.333
172,259.091,7.296
173,260.606,7.229
174,262.121,7.349
175,263.636,7.429
176,265.152,7.363
177,266.667,7.445
178,268.182,7.851
179,269.697,8.007
180,271.212,8.045
181,272.727,7.816
182,274.242,7.529
183,275.758,8.378
184,277.273,10.561
185,278.788,12.070
186,280.303,12.707
187,281.818,10.572
188,283.333,8.237
189,284.848,8.218
190,286.364,14.163
191,287.879,15.029
192,289.394,9.324
193,290.909,6.824
194,292.424,6.689
195,293.939,6.547
196,295.455,6.344
197,296.970,6.393
198,298.485,6.411
199,300.000,6.217
200,301.515,6.119
201,303.030,6.189
202,304.545,6.495
203,306.061,6.569
204,307.576,6.728
205,309.091,7.064
206,310.606,6.550
207,312.121,6.123
208,313.636,6.092
209,315.152,6.015
210,316.667,5.832
211,318.182,5.868
212,319.697,6.168
213,321.212,6.244
214,322.727,6.237
215,324.242,6.043
216,325.758,5.773
217,327.273,5.588
218,328.788,5.761
219,330.303,5.836
220,331.818,5.752
221,333.333,5.729
222,334.848,5.943
223,336.364,5.947
224,337.879,5.949
225,339.394,6.048
226,340.909,6.145
227,342.424,6.047
228,343.939,5.900
229,345.455,5.937
230,346.970,5.985
231,348.485,5.944
232,350.000,6.050
233,351.515,6.260
234,353.030,6.501
235,354.545,6.576
236,356.061,6.716
237,357.576,6.812
238,359.091,6.522
239,360.606,6.133
240,362.121,6.030
241,363.636,6.173
242,365.152,6.377
243,366.667,5.965
244,368.182,5.904
245,369.697,5.909
246,371.212,5.766
247,372.727,5.907
248,374.242,6.053
249,375.758,5.980
250,377.273,6.013
251,378.788,5.755
252,380.303,5.802
253,381.818,5.794
254,383.333,5.499
255,384.848,5.477
256,386.364,5.403
257,387.879,5.377
258,389.394,5.152
259,390.909,5.581
260,392.424,5.257
261,393.939,5.075
262,395.455,5.164
263,396.970,5.119
264,398.485,4.998
265,400.000,4.883
266,401.515,5.075
267,403.030,4.796
268,404.545,4.946
269,406.061,4.858
270,407.576,4.826
271,409.091,4.900
272,410.606,4.737
273,412.121,4.858
274,413.636,4.646
275,415.152,4.345
276,416.667,4.984
277,418.182,4.599
278,419.697,4.679
279,421.212,4.953
280,422.727,4.802
281,424.242,4.609
282,425.758,4.740
283,427.273,4.649
284,428.788,4.489
285,430.303,4.540
286,431.818,4.357
287,433.333,4.488
288,434.848,4.528
289,436.364,4.845
290,437.879,4.567
291,439.394,4.628
292,440.909,4.605
293,442.424,4.837
294,443.939,4.871
295,445.455,4.385
296,446.970,4.459
297,448.485,4.613
298,450.000,5.059
299,451.515,4.450
300,453.030,5.131
301,454.545,4.597
302,456.061,4.853
303,457.576,4.576
304,459.091,4.735
305,460.606,4.858
306,462.121,4.953
307,463.636,5.064
308,465.152,4.855
309,466.667,5.540
310,468.182,5.730
311,469.697,5.160
312,471.212,5.553
313,472.727,5.265
314,474.242,5.072
315,475.758,5.934
316,477.273,6.664
317,478.788,5.799
318,480.303,5.405
319,481.818,5.596
320,483.333,5.379
321,484.848,5.257
322,486.364,6.158
323,487.879,6.810
324,489.394,6.336
325,490.909,6.096
326,492.424,6.130
327,493.939,6.458
328,495.455,6.203
329,496.970,6.365
330,498.485,6.732
331,500.000,6.420
332,501.515,6.702
333,503.030,7.269
334,504.545,7.543
335,506.061,8.847
336,507.576,9.786
337,509.091,7.721
338,510.606,11.154
339,512.121,7.465
340,513.636,14.908
341,515.151,15.887
342,516.667,12.076
343,518.182,10.031
344,519.697,15.502
345,521.212,16.578
346,522.727,8.508
347,524.242,7.593
348,525.758,16.756
349,527.273,10.104
350,528.788,7.725
351,530.303,8.824
352,531.818,9.502
353,533.333,9.387
354,534.849,7.902
355,536.364,13.398
356,537.879,7.871
357,539.394,9.498
358,540.909,8.957
359,542.424,8.802
360,543.939,10.911
361,545.455,9.347
362,546.970,16.071
363,548.485,12.695
364,550.000,11.150
365,551.515,10.141
366,553.030,8.057
367,554.545,7.916
368,556.061,6.713
369,557.576,14.923
370,559.091,20.312
371,560.606,12.467
372,562.121,7.893
373,563.636,7.475
374,565.151,8.246
375,566.667,8.869
376,568.182,8.879
377,569.697,10.631
378,571.212,12.341
379,572.727,8.211
380,574.242,9.576
381,575.758,9.361
382,577.273,7.591
383,578.788,7.932
384,580.303,6.383
385,581.818,6.744
386,583.333,7.186
387,584.849,7.469
388,586.364,9.447
389,587.879,7.454
390,589.394,13.724
391,590.909,6.442
392,592.424,5.591
393,593.939,5.700
394,595.455,7.369
395,596.970,7.570
396,598.485,6.500
397,600.000,6.864
398,601.515,5.621
399,603.030,7.042
400,604.545,5.480
401,606.061,5.802
402,607.576,5.581
403,609.091,5.571
404,610.606,6.335
405,612.121,6.185
406,613.636,6.455
407,615.151,6.109
408,616.667,6.369
409,618.182,6.631
410,619.697,8.037
411,621.212,6.954
412,622.727,6.608
413,624.242,6.586
414,625.758,6.612
415,627.273,6.227
416,628.788,7.404
417,630.303,6.376
418,631.818,6.612
419,633.333,6.350
420,634.849,6.203
421,636.364,6.114
422,637.879,6.229
423,639.394,7.083
424,640.909,6.171
425,642.424,5.912
426,643.939,6.151
427,645.455,5.929
428,646.970,5.823
429,648.485,7.457
430,650.000,7.102
431,651.515,6.203
432,653.030,7.027
433,654.545,7.517
434,656.061,7.081
435,657.576,7.643
436,659.091,8.226
437,660.606,8.176
438,662.121,8.127
439,663.636,8.523
440,665.151,8.105
441,666.667,7.295
442,668.182,9.301
443,669.697,8.849
444,671.212,9.221
445,672.727,8.617
446,674.242,9.075
447,675.758,10.447
448,677.273,8.447
449,678.788,8.832
450,680.303,10.448
451,681.818,9.135
452,683.333,8.045
453,684.849,9.015
454,686.364,11.740
455,687.879,9.350
456,689.394,8.510
457,690.909,8.265
458,692.424,9.452
459,693.939,9.221
460,695.455,12.020
461,696.970,9.519
462,698.485,10.040
463,700.000,10.580
464,701.515,9.548
465,703.030,11.808
466,704.545,12.191
467,706.061,10.148
468,707.576,8.174
469,709.091,9.416
470,710.606,11.084
471,712.121,9.794
472,713.636,11.183
473,715.151,11.024
474,716.667,10.668
475,718.182,14.598
476,719.697,9.593
477,721.212,9.629
478,722.727,13.138
479,724.242,8.318
480,725.758,9.438
481,727.273,10.592
482,728.788,14.439
483,730.303,13.178
484,731.818,11.909
485,733.333,13.562
486,734.849,18.853
487,736.364,11.974
488,737.879,12.899
489,739.394,10.173
490,740.909,14.230
491,742.424,17.584
492,743.939,13.282
493,745.455,9.591
494,746.970,11.415
495,748.485,10.016
496,750.000,10.367
497,751.515,10.308
498,753.030,8.661
499,754.545,8.385
500,756.061,8.326
501,757.576,10.005
502,759.091,9.976
503,760.606,10.651
504,762.121,11.820
505,763.636,9.484
506,765.151,9.820
507,766.667,8.331
508,768.182,9.492
509,769.697,9.691
510,771.212,9.856
511,772.727,9.382
512,774.242,8.797
513,775.758,8.618
514,777.273,9.499
515,778.788,10.008
516,780.303,10.033
517,781.818,9.286
518,783.333,9.885
519,784.849,10.825
520,786.364,11.034
521,787.879,11.916
522,789.394,12.051
523,790.909,9.518
524,792.424,9.531
525,793.939,10.365
526,795.455,15.604
527,796.970,13.835
528,798.485,13.915
529,800.000,13.421
530,801.515,12.917
531,803.030,11.424
532,804.545,16.674
533,806.061,13.687
534,807.576,10.978
535,809.091,11.135
536,810.606,11.762
537,812.121,12.897
538,813.636,14.050
539,815.151,10.285
540,816.667,9.345
541,818.182,7.931
542,819.697,8.843
543,821.212,11.229
544,822.727,9.639
545,824.242,8.710
546,825.758,8.295
547,827.273,8.051
548,828.788,8.454
549,830.303,8.817
550,831.818,7.597
551,833.333,8.085
552,834.849,9.152
553,836.364,14.668
554,837.879,13.612
555,839.394,9.289
556,840.909,8.929
557,842.424,8.339
558,843.939,8.490
559,845.455,7.832
560,846.970,6.659
561,848.485,5.814
562,850.000,5.678
563,851.515,5.960
564,853.030,6.911
565,854.545,8.136
566,856.061,8.663
567,857.576,9.053
568,859.091,8.568
569,860.606,7.750
570,862.121,7.176
571,863.636,6.381
572,865.151,5.872
573,866.667,5.876
574,868.182,5.947
575,869.697,6.009
576,871.212,6.067
577,872.727,6.081
578,874.242,6.100
579,875.758,5.945
580,877.273,5.790
581,878.788,5.712
582,880.303,5.655
583,881.818,5.768
584,883.333,5.591
585,884.849,5.576
586,886.364,5.464
587,887.879,5.318
588,889.394,5.377
589,890.909,5.300
590,892.424,5.328
591,893.939,5.437
592,895.455,6.125
593,896.970,6.482
594,898.485,5.965
595,900.000,6.044
596,901.515,6.093
597,903.030,6.238
598,904.545,6.186
599,906.061,5.998
600,907.576,5.555
601,909.091,5.210
602,910.606,5.232
603,912.121,5.367
604,913.636,5.323
605,915.151,5.232
606,916.667,5.285
607,918.182,5.293
608,919.697,5.246
609,921.212,5.487
610,922.727,5.465
611,924.242,5.565
612,925.758,5.311
613,927.273,5.312
614,928.788,5.472
615,930.303,5.466
616,931.818,5.354
617,933.333,5.130
618,934.849,5.091
619,936.364,4.986
620,937.879,5.170
621,939.394,5.306
622,940.909,5.260
623,942.424,5.440
624,943.939,5.459
625,945.455,5.293
626,946.970,5.494
627,948.485,5.341
628,950.000,5.210
629,951.515,5.305
630,953.030,5.415
631,954.545,5.399
632,956.061,5.280
633,957.576,5.207
634,959.091,5.203
635,960.606,5.367
636,962.121,5.275
637,963.636,5.409
638,965.151,5.387
639,966.667,5.334
640,968.182,5.145
641,969.697,5.469
642,971.212,5.713
643,972.727,5.609
644,974.242,5.552
645,975.758,5.460
646,977.273,5.536
647,978.788,5.331
648,980.303,5.396
649,981.818,5.462
650,983.333,5.601
651,984.849,5.446
652,986.364,5.443
653,987.879,5.459
654,989.394,5.459
655,990.909,5.482
656,992.424,5.245
657,993.939,5.295
658,995.455,5.356
659,996.970,5.267
660,998.485,5.372
661,1000.000,5.185
662,1001.515,5.597
663,1003.030,5.344
664,1004.545,5.258
665,1006.061,5.323
666,1007.576,5.336
667,1009.091,5.278
668,1010.606,5.524
669,1012.121,5.626
670,1013.636,5.228
671,1015.151,5.266
672,1016.667,5.400
673,1018.182,5.369
674,1019.697,5.308
675,1021.212,5.255
676,1022.727,5.252
677,1024.242,5.217
678,1025.758,6.111
679,1027.273,5.365
680,1028.788,5.278
681,1030.303,5.290
682,1031.818,5.280
683,1033.333,7.138
684,1034.849,5.566
685,1036.364,5.446
686,1037.879,5.495
687,1039.394,6.637
688,1040.909,5.293
689,1042.424,5.179
690,1043.939,5.306
691,1045.455,5.371
692,1046.970,6.593
693,1048.485,6.234
694,1050.000,5.579
695,1051.515,5.512
696,1053.030,5.372
697,1054.545,5.467
698,1056.061,5.506
699,1057.576,5.541
700,1059.091,5.370
701,1060.606,6.779
702,1062.121,6.149
703,1063.636,5.356
704,1065.151,5.318
705,1066.667,5.326
706,1068.182,5.289
707,1069.697,5.486
708,1071.212,5.255
709,1072.727,5.485
710,1074.242,5.372
711,1075.758,5.441
712,1077.273,5.463
713,1078.788,5.442
714,1080.303,5.468
715,1081.818,5.405
716,1083.333,5.530
717,1084.849,5.431
718,1086.364,5.424
719,1087.879,5.505
720,1089.394,5.462
721,1090.909,5.301
722,1092.424,5.527
723,1093.939,5.613
724,1095.455,5.582
725,1096.970,5.609
726,1098.485,5.664
727,1100.000,5.440
728,1101.515,5.539
729,1103.030,5.549
730,1104.545,5.707
731,1106.061,5.670
732,1107.576,5.748
733,1109.091,5.731
734,1110.606,5.866
735,1112.121,5.783
736,1113.636,5.673
737,1115.151,5.908
738,1116.667,6.022
739,1118.182,6.115
740,1119.697,5.618
741,1121.212,5.921
742,1122.727,6.242
743,1124.242,5.873
744,1125.758,6.098
745,1127.273,5.979
746,1128.788,5.937
747,1130.303,6.151
748,1131.818,6.272
749,1133.333,5.704
750,1134.849,5.953
751,1136.364,5.919
752,1137.879,6.029
753,1139.394,6.061
754,1140.909,5.941
755,1142.424,6.069
756,1143.939,5.946
757,1145.455,5.757
758,1146.970,5.927
759,1148.485,5.926
760,1150.000,5.881
761,1151.515,6.073
762,1153.030,6.034
763,1154.545,5.783
764,1156.061,5.959
765,1157.576,5.867
766,1159.091,6.086
767,1160.606,5.751
768,1162.121,5.799
769,1163.636,5.927
770,1165.151,5.858
771,1166.667,5.850
772,1168.182,5.871
773,1169.697,6.147
774,1171.212,5.931
775,1172.727,6.088
776,1174.242,5.914
777,1175.758,6.109
778,1177.273,5.790
779,1178.788,6.016
780,1180.303,6.091
781,1181.818,6.150
782,1183.333,6.060
783,1184.849,5.987
784,1186.364,5.942
785,1187.879,6.081
786,1189.394,6.151
787,1190.909,6.092
788,1192.424,5.969
789,1193.939,5.904
790,1195.455,5.834
791,1196.970,6.043
792,1198.485,5.939
793,1200.000,6.109
794,1201.515,6.086
795,1203.030,6.125
796,1204.545,6.335
797,1206.061,6.389
798,1207.576,6.258
799,1209.091,6.092
800,1210.606,6.198
801,1212.121,6.336
802,1213.636,6.004
803,1215.151,6.023
804,1216.667,6.381
805,1218.182,6.188
806,1219.697,6.138
807,1221.212,6.163
808,1222.727,6.195
809,1224.242,6.168
810,1225.758,6.195
811,1227.273,5.979
812,1228.788,6.135
813,1230.303,6.014
814,1231.818,6.006
815,1233.333,6.078
816,1234.849,6.049
817,1236.364,6.038
818,1237.879,5.913
819,1239.394,6.097
820,1240.909,6.250
821,1242.424,6.261
822,1243.939,6.426
823,1245.455,6.200
824,1246.970,6.054
825,1248.485,6.249
826,1250.000,6.261
827,1251.515,6.024
828,1253.030,6.165
829,1254.545,6.067
830,1256.061,6.160
831,1257.576,6.318
832,1259.091,6.224
833,1260.606,6.171
834,1262.121,6.217
835,1263.636,6.092
836,1265.151,6.236
837,1266.667,6.081
838,1268.182,6.072
839,1269.697,6.073
840,1271.212,6.180
841,1272.727,6.274
842,1274.242,6.092
843,1275.758,6.284
844,1277.273,6.034
845,1278.788,6.287
846,1280.303,6.108
847,1281.818,6.136
848,1283.333,6.239
849,1284.849,6.256
850,1286.364,6.011
851,1287.879,6.145
852,1289.394,6.090
853,1290.909,6.123
854,1292.424,6.052
855,1293.939,6.034
856,1295.455,5.879
857,1296.970,6.074
858,1298.485,5.968
859,1300.000,6.097
860,1301.515,6.246
861,1303.030,6.159
862,1304.545,6.154
863,1306.061,6.126
864,1307.576,6.250
865,1309.091,6.234
866,1310.606,6.217
867,1312.121,6.442
868,1313.636,6.124
869,1315.151,6.207
870,1316.667,5.899
871,1318.182,6.088
872,1319.697,6.159
873,1321.212,6.234
874,1322.727,5.934
875,1324.242,5.838
876,1325.758,6.073
877,1327.273,6.244
878,1328.788,5.860
879,1330.303,5.734
880,1331.818,5.921
881,1333.333,5.936
882,1334.849,5.897
883,1336.364,5.944
884,1337.879,6.035
885,1339.394,6.221
886,1340.909,6.592
887,1342.424,6.815
888,1343.939,6.909
889,1345.455,6.860
890,1346.970,6.777
891,1348.485,6.771
892,1350.000,6.464
893,1351.515,6.595
894,1353.030,6.740
895,1354.545,6.615
896,1356.061,6.705
897,1357.576,6.504
898,1359.091,6.458
899,1360.606,6.345
900,1362.121,6.256
901,1363.636,6.212
902,1365.151,6.059
903,1366.667,5.908
904,1368.182,5.985
905,1369.697,5.869
906,1371.212,5.753
907,1372.727,5.747
908,1374.242,5.615
909,1375.758,5.553
910,1377.273,5.448
911,1378.788,5.386
912,1380.303,5.222
913,1381.818,5.219
914,1383.333,5.320
915,1384.849,5.274
916,1386.364,5.332
917,1387.879,5.104
918,1389.394,5.058
919,1390.909,5.265
920,1392.424,5.155
921,1393.939,5.191
922,1395.455,5.300
923,1396.970,5.201
924,1398.485,5.094
925,1400.000,5.007
926,1401.515,4.947
927,1403.030,4.973
928,1404.545,4.901
929,1406.061,4.972
930,1407.576,5.106
931,1409.091,5.173
932,1410.606,5.042
933,1412.121,5.131
934,1413.636,5.168
935,1415.151,5.298
936,1416.667,5.493
937,1418.182,5.830
938,1419.697,5.737
939,1421.212,5.731
940,1422.727,5.668
941,1424.242,5.534
942,1425.758,5.495
943,1427.273,5.446
944,1428.788,5.465
945,1430.303,5.655
946,1431.818,5.815
947,1433.333,5.981
948,1434.849,6.023
949,1436.364,6.343
950,1437.879,7.827
951,1439.394,7.906
952,1440.909,8.338
953,1442.424,6.672
954,1443.939,7.346
955,1445.455,7.032
956,1446.970,9.067
957,1448.485,9.218
958,1450.000,9.643
959,1451.515,10.162
960,1453.030,13.713
961,1454.545,13.212
962,1456.061,11.552
963,1457.576,11.971
964,1459.091,12.191
965,1460.606,12.124
966,1462.121,10.297
967,1463.636,10.699
968,1465.151,11.974
969,1466.667,10.779
970,1468.182,11.034
971,1469.697,10.323
972,1471.212,10.042
973,1472.727,9.568
974,1474.242,10.018
975,1475.758,10.605
976,1477.273,9.494
977,1478.788,9.229
978,1480.303,9.671
979,1481.818,8.550
980,1483.333,8.414
981,1484.849,7.952
982,1486.364,7.400
983,1487.879,7.349
984,1489.394,7.443
985,1490.909,7.303
986,1492.424,6.942
987,1493.939,7.446
988,1495.455,6.587
989,1496.970,6.777
990,1498.485,6.887
991,1500.000,7.491
992,1501.515,7.695
993,1503.030,6.955
994,1504.545,6.996
995,1506.061,7.229
996,1507.576,7.346
997,1509.091,7.337
998,1510.606,7.221
999,1512.121,7.441
1000,1513.636,7.952
1001,1515.151,7.052
1002,1516.667,7.717
1003,1518.182,7.303
1004,1519.697,8.583
1005,1521.212,7.706
1006,1522.727,8.004
1007,1524.242,7.848
1008,1525.758,7.662
1009,1527.273,8.289
1010,1528.788,9.349
1011,1530.303,9.100
1012,1531.818,8.271
1013,1533.333,9.222
1014,1534.849,9.650
1015,1536.364,8.915
1016,1537.879,11.656
1017,1539.394,11.826
1018,1540.909,10.390
1019,1542.424,11.827
1020,1543.939,12.273
1021,1545.455,13.558
1022,1546.970,13.076
1023,1548.485,13.321
1024,1550.000,15.692
1025,1551.515,15.872
1026,1553.030,17.172
1027,1554.545,14.884
1028,1556.061,14.718
1029,1557.576,17.147
1030,1559.091,14.933
1031,1560.606,15.606
1032,1562.121,17.621
1033,1563.636,16.914
1034,1565.151,15.417
1035,1566.667,21.335
1036,1568.182,16.774
1037,1569.697,16.099
1038,1571.212,17.824
1039,1572.727,18.844
1040,1574.242,15.194
1041,1575.758,19.237
1042,1577.273,15.597
1043,1578.788,16.097
1044,1580.303,12.780
1045,1581.818,13.371
1046,1583.333,12.086
1047,1584.849,11.492
1048,1586.364,10.734
1049,1587.879,10.895
1050,1589.394,11.913
1051,1590.909,12.754
1052,1592.424,14.296
1053,1593.939,15.090
1054,1595.455,18.842
1055,1596.970,20.367
1056,1598.485,19.647
1057,1600.000,29.512
1058,1601.515,29.989
1059,1603.030,23.726
1060,1604.545,25.405
1061,1606.061,33.450
1062,1607.576,30.722
1063,1609.091,34.984
1064,1610.606,37.140
1065,1612.121,39.543
1066,1613.636,45.153
1067,1615.151,44.682
1068,1616.667,43.712
1069,1618.182,42.578
1070,1619.697,43.156
1071,1621.212,38.060
1072,1622.727,33.409
1073,1624.242,35.647
1074,1625.758,34.007
1075,1627.273,40.847
1076,1628.788,33.572
1077,1630.303,33.352
1078,1631.818,35.552
1079,1633.333,40.031
1080,1634.849,35.019
1081,1636.364,35.076
1082,1637.879,38.612
1083,1639.394,36.156
1084,1640.909,36.410
1085,1642.424,38.477
1086,1643.939,39.798
1087,1645.455,39.716
1088,1646.970,35.969
1089,1648.485,34.988
1090,1650.000,38.768
1091,1651.515,41.695
1092,1653.030,42.437
1093,1654.545,37.756
1094,1656.061,40.156
1095,1657.576,45.792
1096,1659.091,43.981
1097,1660.606,35.849
1098,1662.121,38.608
1099,1663.636,40.777
1100,1665.151,34.369
1101,1666.667,33.737
1102,1668.182,38.037
1103,1669.697,31.388
1104,1671.212,32.205
1105,1672.727,30.628
1106,1674.242,28.800
1107,1675.758,33.462
1108,1677.273,31.549
1109,1678.788,30.832
1110,1680.303,28.326
1111,1681.818,31.843
1112,1683.333,29.319
1113,1684.849,33.378
1114,1686.364,33.530
1115,1687.879,35.217
1116,1689.394,37.323
1117,1690.909,36.400
1118,1692.424,31.683
1119,1693.939,28.126
1120,1695.455,26.746
1121,1696.970,29.035
1122,1698.485,28.535
1123,1700.000,27.386
1124,1701.515,24.832
1125,1703.030,30.540
1126,1704.545,30.256
1127,1706.061,32.357
1128,1707.576,33.696
1129,1709.091,33.567
1130,1710.606,35.303
1131,1712.121,33.830
1132,1713.636,33.715
1133,1715.151,33.924
1134,1716.667,33.169
1135,1718.182,30.989
1136,1719.697,30.902
1137,1721.212,30.370
1138,1722.727,25.919
1139,1724.242,28.390
1140,1725.758,32.273
1141,1727.273,29.948
1142,1728.788,29.936
1143,1730.303,28.741
1144,1731.818,30.851
1145,1733.333,30.361
1146,1734.849,28.853
1147,1736.364,28.873
1148,1737.879,29.413
1149,1739.394,30.652
1150,1740.909,35.255
1151,1742.424,38.824
1152,1743.939,40.807
1153,1745.455,41.174
1154,1746.970,41.926
1155,1748.485,40.641
1156,1750.000,38.523
1157,1751.515,36.883
1158,1753.030,34.864
1159,1754.545,32.981
1160,1756.061,31.552
1161,1757.576,31.811
1162,1759.091,31.817
1163,1760.606,30.379
1164,1762.121,32.071
1165,1763.636,35.313
1166,1765.151,36.153
1167,1766.667,36.204
1168,1768.182,38.526
1169,1769.697,39.690
1170,1771.212,40.841
1171,1772.727,41.796
1172,1774.242,40.735
1173,1775.758,40.788
1174,1777.273,42.680
1175,1778.788,43.049
1176,1780.303,46.782
1177,1781.818,48.838
1178,1783.333,46.735
1179,1784.849,48.217
1180,1786.364,51.517
1181,1787.879,52.889
1182,1789.394,48.271
1183,1790.909,51.173
1184,1792.424,49.138
1185,1793.939,48.903
1186,1795.455,48.490
1187,1796.970,41.078
1188,1798.485,47.395
1189,1800.000,43.351
1190,1801.515,44.042
1191,1803.030,43.583
1192,1804.545,45.463
1193,1806.061,44.666
1194,1807.576,45.522
1195,1809.091,49.196
1196,1810.606,42.579
1197,1812.121,41.030
1198,1813.636,48.984
1199,1815.151,44.523
1200,1816.667,44.762
1201,1818.182,51.907
1202,1819.697,45.019
1203,1821.212,43.339
1204,1822.727,43.458
1205,1824.242,46.770
1206,1825.758,45.197
1207,1827.273,49.117
1208,1828.788,49.753
1209,1830.303,41.929
1210,1831.818,46.260
1211,1833.333,44.188
1212,1834.849,48.207
1213,1836.364,48.177
1214,1837.879,48.645
1215,1839.394,43.411
1216,1840.909,44.930
1217,1842.424,45.664
1218,1843.939,51.988
1219,1845.455,40.869
1220,1846.970,42.950
1221,1848.485,58.406
1222,1850.000,45.346
1223,1851.515,47.589
1224,1853.030,59.592
1225,1854.545,50.064
1226,1856.061,52.153
1227,1857.576,47.399
1228,1859.091,49.430
1229,1860.606,51.154
1230,1862.121,44.630
1231,1863.636,42.911
1232,1865.151,44.347
1233,1866.667,46.385
1234,1868.182,52.660
1235,1869.697,52.823
1236,1871.212,55.916
1237,1872.727,51.448
1238,1874.242,53.553
1239,1875.758,53.240
1240,1877.273,51.829
1241,1878.788,57.883
1242,1880.303,53.054
1243,1881.818,54.376
1244,1883.333,62.453
1245,1884.849,57.019
1246,1886.364,52.123
1247,1887.879,68.695
1248,1889.394,57.246
1249,1890.909,61.186
1250,1892.424,60.538
1251,1893.939,65.305
1252,1895.455,64.649
1253,1896.970,64.062
1254,1898.485,49.156
1255,1900.000,49.310
1256,1901.515,58.658
1257,1903.030,61.121
1258,1904.545,50.669
1259,1906.061,54.425
1260,1907.576,49.178
1261,1909.091,57.174
1262,1910.606,54.000
1263,1912.121,49.683
1264,1913.636,49.915
1265,1915.151,52.174
1266,1916.667,52.329
1267,1918.182,55.063
1268,1919.697,54.083
1269,1921.212,54.378
1270,1922.727,56.332
1271,1924.242,57.209
1272,1925.758,65.808
1273,1927.273,54.935
1274,1928.788,55.108
1275,1930.303,60.824
1276,1931.818,63.367
1277,1933.333,52.490
1278,1934.849,48.986
1279,1936.364,55.143
1280,1937.879,53.075
1281,1939.394,45.391
1282,1940.909,43.515
1283,1942.424,49.257
1284,1943.939,45.778
1285,1945.455,43.034
1286,1946.970,42.004
1287,1948.485,40.548
1288,1950.000,42.477
1289,1951.515,39.198
1290,1953.030,42.833
1291,1954.545,42.866
1292,1956.061,40.194
1293,1957.576,37.232
1294,1959.091,38.669
1295,1960.606,41.111
1296,1962.121,36.768
1297,1963.636,39.318
1298,1965.151,35.500
1299,1966.667,37.871
1300,1968.182,35.530
1301,1969.697,37.131
1302,1971.212,37.072
1303,1972.727,36.119
1304,1974.242,35.092
1305,1975.758,40.424
1306,1977.273,36.605
1307,1978.788,47.086
1308,1980.303,45.008
1309,1981.818,41.751
1310,1983.333,40.455
1311,1984.849,36.063
1312,1986.364,35.047
1313,1987.879,45.128
1314,1989.394,47.462
1315,1990.909,39.265
1316,1992.424,34.392
1317,1993.939,33.516
1318,1995.455,35.168
1319,1996.970,31.870
1320,1998.485,30.354
1321,2000.000,34.283
1322,2001.515,27.687
1323,2003.030,30.206
1324,2004.545,34.400
1325,2006.061,30.746
1326,2007.576,25.435
1327,2009.091,24.935
1328,2010.606,29.907
1329,2012.121,28.400
1330,2013.636,26.453
1331,2015.151,24.779
1332,2016.667,28.295
1333,2018.182,24.255
1334,2019.697,24.493
1335,2021.212,27.880
1336,2022.727,25.218
1337,2024.242,28.474
1338,2025.758,23.369
1339,2027.273,23.835
1340,2028.788,25.295
1341,2030.303,28.698
1342,2031.818,27.930
1343,2033.333,18.877
1344,2034.849,25.756
1345,2036.364,25.152
1346,2037.879,26.092
1347,2039.394,18.263
1348,2040.909,23.711
1349,2042.424,18.193
1350,2043.939,28.401
1351,2045.455,25.687
1352,2046.970,24.872
1353,2048.485,16.670
1354,2050.000,17.089
1355,2051.515,16.158
1356,2053.030,20.681
1357,2054.545,21.040
1358,2056.061,20.105
1359,2057.576,19.925
1360,2059.091,14.506
1361,2060.606,14.981
1362,2062.121,18.305
1363,2063.636,15.072
1364,2065.152,14.450
1365,2066.667,14.739
1366,2068.182,12.941
1367,2069.697,12.539
1368,2071.212,11.565
1369,2072.727,10.690
1370,2074.242,13.103
1371,2075.758,12.161
1372,2077.273,8.694
1373,2078.788,10.159
1374,2080.303,9.749
1375,2081.818,8.909
1376,2083.333,8.953
1377,2084.848,8.618
1378,2086.364,8.687
1379,2087.879,8.464
1380,2089.394,8.700
1381,2090.909,9.048
1382,2092.424,9.138
1383,2093.939,8.956
1384,2095.455,10.191
1385,2096.970,9.789
1386,2098.485,9.972
1387,2100.000,10.672
1388,2101.515,11.770
1389,2103.030,11.855
1390,2104.545,10.812
1391,2106.061,8.999
1392,2107.576,8.104
1393,2109.091,8.233
1394,2110.606,8.248
1395,2112.121,8.367
1396,2113.636,8.697
1397,2115.152,8.812
1398,2116.667,8.989
1399,2118.182,9.373
1400,2119.697,9.995
1401,2121.212,10.980
1402,2122.727,11.421
1403,2124.242,11.077
1404,2125.758,11.265
1405,2127.273,11.605
1406,2128.788,11.270
1407,2130.303,10.971
1408,2131.818,11.595
1409,2133.333,11.811
1410,2134.848,11.440
1411,2136.364,10.986
1412,2137.879,11.168
1413,2139.394,10.748
1414,2140.909,10.469
1415,2142.424,10.869
1416,2143.939,11.348
1417,2145.455,11.642
1418,2146.970,9.231
1419,2148.485,10.607
1420,2150.000,9.231
1421,2151.515,12.088
1422,2153.030,11.464
1423,2154.545,12.099
1424,2156.061,10.580
1425,2157.576,11.985
1426,2159.091,12.842
1427,2160.606,12.595
1428,2162.121,13.233
1429,2163.636,15.864
1430,2165.152,15.995
1431,2166.667,15.211
1432,2168.182,19.123
1433,2169.697,20.292
1434,2171.212,20.371
1435,2172.727,19.113
1436,2174.242,22.197
1437,2175.758,16.861
1438,2177.273,15.893
1439,2178.788,16.848
1440,2180.303,13.672
1441,2181.818,18.082
1442,2183.333,15.473
1443,2184.848,14.878
1444,2186.364,15.683
1445,2187.879,17.741
1446,2189.394,13.798
1447,2190.909,16.297
1448,2192.424,15.373
1449,2193.939,15.906
1450,2195.455,16.219
1451,2196.970,13.799
1452,2198.485,14.623
1453,2200.000,14.763
1454,2201.515,15.905
1455,2203.030,15.783
1456,2204.545,15.358
1457,2206.061,16.176
1458,2207.576,14.260
1459,2209.091,13.236
1460,2210.606,12.940
1461,2212.121,13.575
1462,2213.636,14.152
1463,2215.152,14.156
1464,2216.667,16.324
1465,2218.182,24.788
1466,2219.697,37.545
1467,2221.212,48.371
1468,2222.727,54.095
1469,2224.242,51.253
1470,2225.758,41.689
1471,2227.273,36.409
1472,2228.788,35.746
1473,2230.303,36.201
1474,2231.818,38.999
1475,2233.333,37.277
1476,2234.848,33.730
1477,2236.364,33.338
1478,2237.879,31.675
1479,2239.394,26.404
1480,2240.909,30.879
1481,2242.424,26.036
1482,2243.939,24.705
1483,2245.455,22.846
1484,2246.970,24.265
1485,2248.485,26.521
1486,2250.000,27.171
1487,2251.515,20.377
1488,2253.030,19.971
1489,2254.545,25.620
1490,2256.061,26.019
1491,2257.576,18.291
1492,2259.091,21.888
1493,2260.606,15.413
1494,2262.121,16.781
1495,2263.636,15.887
1496,2265.152,26.124
1497,2266.667,28.332
1498,2268.182,28.220
1499,2269.697,33.367
1500,2271.212,37.333
1501,2272.727,28.164
1502,2274.242,32.861
1503,2275.758,31.272
1504,2277.273,31.654
1505,2278.788,36.356
1506,2280.303,42.651
1507,2281.818,44.396
1508,2283.333,46.443
1509,2284.848,34.922
1510,2286.364,37.245
1511,2287.879,48.205
1512,2289.394,56.275
1513,2290.909,39.854
1514,2292.424,36.262
1515,2293.939,56.026
1516,2295.455,62.051
1517,2296.970,39.896
1518,2298.485,38.274
1519,2300.000,52.548
1520,2301.515,58.385
1521,2303.030,52.764
1522,2304.545,52.974
1523,2306.061,53.858
1524,2307.576,53.107
1525,2309.091,52.876
1526,2310.606,56.727
1527,2312.121,56.254
1528,2313.636,50.964
1529,2315.152,45.169
1530,2316.667,42.756
1531,2318.182,42.832
1532,2319.697,73.048
1533,2321.212,85.537
1534,2322.727,69.762
1535,2324.242,51.186
1536,2325.758,57.844
1537,2327.273,92.060
1538,2328.788,79.955
1539,2330.303,61.333
1540,2331.818,63.516
1541,2333.333,89.101
1542,2334.848,88.238
1543,2336.364,89.702
1544,2337.879,95.557
1545,2339.394,118.147
1546,2340.909,90.712
1547,2342.424,106.301
1548,2343.939,99.070
1549,2345.455,124.660
1550,2346.970,97.876
1551,2348.485,93.489
1552,2350.000,119.081
1553,2351.515,175.184
1554,2353.030,182.885
1555,2354.545,139.991
1556,2356.061,131.665
1557,2357.576,99.264
1558,2359.091,82.504
1559,2360.606,99.599
1560,2362.121,111.472
1561,2363.636,85.355
1562,2365.152,82.921
1563,2366.667,83.689
1564,2368.182,93.175
1565,2369.697,62.678
1566,2371.212,83.560
1567,2372.727,67.092
1568,2374.242,57.756
1569,2375.758,57.032
1570,2377.273,54.150
1571,2378.788,57.845
1572,2380.303,51.582
1573,2381.818,50.934
1574,2383.333,42.872
1575,2384.848,42.278
1576,2386.364,35.224
1577,2387.879,30.273
1578,2389.394,35.521
1579,2390.909,32.792
1580,2392.424,32.916
1581,2393.939,29.601
1582,2395.455,29.507
1583,2396.970,28.322
1584,2398.485,27.917
1585,2400.000,24.036
1586,2401.515,25.484
1587,2403.030,22.659
1588,2404.545,21.591
1589,2406.061,20.503
1590,2407.576,20.118
1591,2409.091,16.525
1592,2410.606,17.108
1593,2412.121,18.876
1594,2413.636,17.850
1595,2415.152,18.442
1596,2416.667,18.183
1597,2418.182,15.212
1598,2419.697,17.109
1599,2421.212,16.164
1600,2422.727,15.619
1601,2424.242,16.078
1602,2425.758,15.276
1603,2427.273,15.642
1604,2428.788,14.227
1605,2430.303,15.421
1606,2431.818,14.026
1607,2433.333,16.227
1608,2434.848,12.816
1609,2436.364,13.894
1610,2437.879,14.491
1611,2439.394,14.502
1612,2440.909,14.268
1613,2442.424,17.185
1614,2443.939,12.832
1615,2445.455,12.087
1616,2446.970,11.431
1617,2448.485,15.977
1618,2450.000,13.000
1619,2451.515,12.157
1620,2453.030,12.641
1621,2454.545,12.995
1622,2456.061,14.855
1623,2457.576,15.284
1624,2459.091,29.191
1625,2460.606,29.665
1626,2462.121,26.668
1627,2463.636,23.143
1628,2465.152,18.884
1629,2466.667,17.325
1630,2468.182,16.154
1631,2469.697,16.276
1632,2471.212,14.814
1633,2472.727,17.457
1634,2474.242,27.650
1635,2475.758,21.446
1636,2477.273,18.860
1637,2478.788,15.761
1638,2480.303,17.362
1639,2481.818,22.360
1640,2483.333,17.531
1641,2484.848,15.575
1642,2486.364,19.942
1643,2487.879,16.202
1644,2489.394,30.376
1645,2490.909,33.263
1646,2492.424,25.595
1647,2493.939,24.333
1648,2495.455,42.332
1649,2496.970,30.852
1650,2498.485,23.940
1651,2500.000,30.427
1652,2501.515,22.235
1653,2503.030,17.804
1654,2504.545,33.374
1655,2506.061,22.276
1656,2507.576,22.541
1657,2509.091,23.656
1658,2510.606,28.371
1659,2512.121,16.578
1660,2513.636,41.311
1661,2515.152,23.834
1662,2516.667,23.357
1663,2518.182,24.782
1664,2519.697,25.838
1665,2521.212,26.721
1666,2522.727,29.052
1667,2524.242,30.706
1668,2525.758,34.393
1669,2527.273,31.859
1670,2528.788,21.896
1671,2530.303,41.853
1672,2531.818,41.201
1673,2533.333,29.539
1674,2534.848,40.957
1675,2536.364,42.720
1676,2537.879,46.729
1677,2539.394,40.080
1678,2540.909,34.096
1679,2542.424,35.801
1680,2543.939,41.032
1681,2545.455,46.195
1682,2546.970,48.622
1683,2548.485,51.193
1684,2550.000,51.283
1685,2551.515,51.558
1686,2553.030,49.077
1687,2554.545,46.613
1688,2556.061,45.630
1689,2557.576,49.909
1690,2559.091,53.652
1691,2560.606,54.011
1692,2562.121,57.178
1693,2563.636,58.883
1694,2565.152,60.219
1695,2566.667,67.276
1696,2568.182,66.918
1697,2569.697,63.413
1698,2571.212,66.229
1699,2572.727,73.013
1700,2574.242,67.950
1701,2575.758,66.447
1702,2577.273,68.836
1703,2578.788,71.875
1704,2580.303,74.886
1705,2581.818,74.782
1706,2583.333,78.202
1707,2584.848,82.728
1708,2586.364,85.112
1709,2587.879,82.592
1710,2589.394,85.108
1711,2590.909,76.868
1712,2592.424,87.859
1713,2593.939,64.437
1714,2595.455,57.188
1715,2596.970,51.939
1716,2598.485,60.252
1717,2600.000,69.145
1718,2601.515,72.478
1719,2603.030,74.503
1720,2604.545,59.671
1721,2606.061,58.000
1722,2607.576,48.925
1723,2609.091,50.995
1724,2610.606,54.085
1725,2612.121,74.637
1726,2613.636,66.743
1727,2615.152,72.570
1728,2616.667,77.409
1729,2618.182,86.167
1730,2619.697,85.920
1731,2621.212,74.150
1732,2622.727,81.820
1733,2624.242,49.972
1734,2625.758,52.331
1735,2627.273,75.832
1736,2628.788,92.666
1737,2630.303,82.780
1738,2631.818,78.433
1739,2633.333,61.892
1740,2634.848,60.607
1741,2636.364,79.466
1742,2637.879,75.939
1743,2639.394,78.043
1744,2640.909,56.729
1745,2642.424,51.158
1746,2643.939,45.783
1747,2645.455,40.863
1748,2646.970,45.673
1749,2648.485,46.875
1750,2650.000,69.732
1751,2651.515,62.478
1752,2653.030,61.088
1753,2654.545,47.213
1754,2656.061,52.348
1755,2657.576,64.401
1756,2659.091,56.703
1757,2660.606,60.382
1758,2662.121,64.011
1759,2663.636,74.045
1760,2665.152,72.397
1761,2666.667,77.433
1762,2668.182,69.737
1763,2669.697,70.257
1764,2671.212,88.972
1765,2672.727,67.167
1766,2674.242,55.376
1767,2675.758,60.695
1768,2677.273,67.189
1769,2678.788,88.418
1770,2680.303,76.791
1771,2681.818,75.927
1772,2683.333,91.783
1773,2684.848,82.342
1774,2686.364,94.345
1775,2687.879,65.330
1776,2689.394,113.681
1777,2690.909,70.921
1778,2692.424,109.328
1779,2693.939,73.513
1780,2695.455,65.195
1781,2696.970,65.074
1782,2698.485,56.534
1783,2700.000,58.019
1784,2701.515,67.824
1785,2703.030,38.536
1786,2704.545,29.517
1787,2706.061,32.585
1788,2707.576,30.893
1789,2709.091,35.345
1790,2710.606,34.201
1791,2712.121,37.324
1792,2713.636,42.748
1793,2715.152,46.885
1794,2716.667,42.212
1795,2718.182,51.804
1796,2719.697,40.598
1797,2721.212,40.678
1798,2722.727,29.662
1799,2724.242,27.991
1800,2725.758,40.915
1801,2727.273,36.645
1802,2728.788,26.409
1803,2730.303,29.644
1804,2731.818,35.593
1805,2733.333,38.622
1806,2734.848,31.429
1807,2736.364,35.390
1808,2737.879,34.241
1809,2739.394,43.489
1810,2740.909,43.348
1811,2742.424,26.652
1812,2743.939,24.181
1813,2745.455,36.280
1814,2746.970,48.710
1815,2748.485,44.797
1816,2750.000,30.646
1817,2751.515,36.600
1818,2753.030,39.951
1819,2754.545,35.742
1820,2756.061,33.336
1821,2757.576,22.211
1822,2759.091,36.337
1823,2760.606,28.885
1824,2762.121,23.896
1825,2763.636,21.528
1826,2765.152,15.911
1827,2766.667,30.860
1828,2768.182,31.259
1829,2769.697,23.523
1830,2771.212,23.575
1831,2772.727,27.655
1832,2774.242,27.402
1833,2775.758,29.024
1834,2777.273,27.507
1835,2778.788,30.801
1836,2780.303,43.664
1837,2781.818,44.081
1838,2783.333,41.620
1839,2784.848,44.926
1840,2786.364,32.285
1841,2787.879,28.622
1842,2789.394,44.898
1843,2790.909,34.916
1844,2792.424,30.493
1845,2793.939,17.016
1846,2795.455,16.840
1847,2796.970,24.083
1848,2798.485,18.638
1849,2800.000,18.190
1850,2801.515,14.550
1851,2803.030,15.625
1852,2804.545,18.102
1853,2806.061,18.472
1854,2807.576,18.889
1855,2809.091,19.575
1856,2810.606,18.728
1857,2812.121,15.759
1858,2813.636,16.670
1859,2815.152,16.825
1860,2816.667,16.509
1861,2818.182,17.802
1862,2819.697,17.435
1863,2821.212,16.904
1864,2822.727,18.631
1865,2824.242,18.073
1866,2825.758,17.998
1867,2827.273,17.312
1868,2828.788,17.571
1869,2830.303,17.714
1870,2831.818,18.597
1871,2833.333,19.720
1872,2834.848,19.754
1873,2836.364,18.425
1874,2837.879,15.901
1875,2839.394,14.661
1876,2840.909,14.570
1877,2842.424,15.530
1878,2843.939,17.119
1879,2845.455,19.679
1880,2846.970,22.217
1881,2848.485,23.166
1882,2850.000,22.592
1883,2851.515,21.347
1884,2853.030,18.516
1885,2854.545,17.211
1886,2856.061,15.705
1887,2857.576,15.379
1888,2859.091,14.826
1889,2860.606,14.743
1890,2862.121,15.306
1891,2863.636,14.220
1892,2865.152,13.981
1893,2866.667,16.171
1894,2868.182,16.368
1895,2869.697,14.993
1896,2871.212,14.205
1897,2872.727,13.945
1898,2874.242,13.473
1899,2875.758,14.697
1900,2877.273,14.567
1901,2878.788,14.278
1902,2880.303,16.352
1903,2881.818,15.293
1904,2883.333,14.766
1905,2884.848,19.075
1906,2886.364,21.191
1907,2887.879,20.996
1908,2889.394,14.713
1909,2890.909,16.904
1910,2892.424,18.613
1911,2893.939,19.143
1912,2895.455,17.315
1913,2896.970,17.261
1914,2898.485,17.106
1915,2900.000,18.026
1916,2901.515,17.441
1917,2903.030,17.368
1918,2904.545,18.667
1919,2906.061,11.972
1920,2907.576,18.017
1921,2909.091,15.248
1922,2910.606,15.911
1923,2912.121,19.605
1924,2913.636,12.932
1925,2915.152,13.188
1926,2916.667,16.838
1927,2918.182,18.941
1928,2919.697,13.159
1929,2921.212,13.755
1930,2922.727,14.450
1931,2924.242,18.719
1932,2925.758,11.774
1933,2927.273,13.529
1934,2928.788,16.234
1935,2930.303,15.538
1936,2931.818,15.497
1937,2933.333,15.059
1938,2934.848,14.508
1939,2936.364,15.415
1940,2937.879,14.132
1941,2939.394,16.680
1942,2940.909,16.049
1943,2942.424,14.466
1944,2943.939,11.730
1945,2945.455,14.325
1946,2946.970,14.494
1947,2948.485,13.319
1948,2950.000,13.037
1949,2951.515,11.111
1950,2953.030,11.282
1951,2954.545,11.422
1952,2956.061,10.389
1953,2957.576,11.240
1954,2959.091,10.937
1955,2960.606,10.315
1956,2962.121,10.593
1957,2963.636,12.433
1958,2965.152,12.765
1959,2966.667,12.437
1960,2968.182,10.902
1961,2969.697,10.561
1962,2971.212,11.582
1963,2972.727,9.985
1964,2974.242,10.178
1965,2975.758,10.863
1966,2977.273,11.785
1967,2978.788,11.940
1968,2980.303,11.945
1969,2981.818,12.210
1970,2983.333,11.477
1971,2984.848,10.180
1972,2986.364,9.439
1973,2987.879,9.146
1974,2989.394,8.998
1975,2990.909,8.683
1976,2992.424,7.875
1977,2993.939,8.171
1978,2995.455,8.188
1979,2996.970,8.883
1980,2998.485,9.035
1981,3000.000,9.074
1982,3001.515,10.207
1983,3003.030,9.890
1984,3004.545,10.092
1985,3006.061,9.836
1986,3007.576,10.056
1987,3009.091,10.781
1988,3010.606,11.659
1989,3012.121,10.792
1990,3013.636,11.329
1991,3015.152,10.914
1992,3016.667,11.053
1993,3018.182,9.842
1994,3019.697,10.245
1995,3021.212,11.582
1996,3022.727,11.870
1997,3024.242,9.509
1998,3025.758,10.040
1999,3027.273,11.401
2000,3028.788,10.222
2001,3030.303,12.159
2002,3031.818,10.275
2003,3033.333,10.875
2004,3034.848,10.790
2005,3036.364,11.943
2006,3037.879,11.093
2007,3039.394,10.806
2008,3040.909,12.114
2009,3042.424,12.945
2010,3043.939,13.750
2011,3045.455,13.386
2012,3046.970,11.424
2013,3048.485,13.239
2014,3050.000,13.908
2015,3051.515,10.812
2016,3053.030,12.268
2017,3054.545,17.302
2018,3056.061,16.277
2019,3057.576,16.383
2020,3059.091,16.540
2021,3060.606,16.845
2022,3062.121,16.249
2023,3063.636,24.215
2024,3065.152,23.109
2025,3066.667,26.524
2026,3068.182,33.203
2027,3069.697,33.638
2028,3071.212,25.705
2029,3072.727,19.342
2030,3074.242,18.669
2031,3075.758,18.835
2032,3077.273,11.519
2033,3078.788,19.328
2034,3080.303,19.673
2035,3081.818,15.537
2036,3083.333,16.439
2037,3084.848,17.072
2038,3086.364,17.037
2039,3087.879,16.441
2040,3089.394,17.274
2041,3090.909,14.106
2042,3092.424,13.837
2043,3093.939,15.883
2044,3095.455,14.509
2045,3096.970,15.747
2046,3098.485,12.504
2047,3100.000,15.637
2048,3101.515,12.774
2049,3103.030,17.166
2050,3104.545,19.086
2051,3106.061,18.249
2052,3107.576,17.412
2053,3109.091,18.331
2054,3110.606,18.989
2055,3112.121,20.205
2056,3113.636,18.720
2057,3115.152,20.313
2058,3116.667,19.853
2059,3118.182,20.863
2060,3119.697,24.553
2061,3121.212,26.624
2062,3122.727,26.939
2063,3124.242,27.175
2064,3125.758,26.939
2065,3127.273,25.611
2066,3128.788,22.333
2067,3130.303,21.884
2068,3131.818,22.669
2069,3133.333,21.402
2070,3134.848,20.461
2071,3136.364,21.952
2072,3137.879,20.728
2073,3139.394,19.651
2074,3140.909,18.797
2075,3142.424,17.629
2076,3143.939,16.729
2077,3145.455,16.456
2078,3146.970,16.585
2079,3148.485,16.817
2080,3150.000,17.791
2081,3151.515,19.678
2082,3153.030,20.561
2083,3154.545,21.414
2084,3156.061,21.394
2085,3157.576,20.083
2086,3159.091,20.784
2087,3160.606,22.361
2088,3162.121,24.210
2089,3163.636,23.018
2090,3165.152,19.169
2091,3166.667,17.286
2092,3168.182,18.699
2093,3169.697,19.994
2094,3171.212,22.031
2095,3172.727,26.051
2096,3174.242,25.483
2097,3175.758,20.875
2098,3177.273,25.261
2099,3178.788,28.587
2100,3180.303,28.082
2101,3181.818,29.950
2102,3183.333,25.093
2103,3184.848,24.775
2104,3186.364,34.830
2105,3187.879,32.520
2106,3189.394,27.195
2107,3190.909,26.333
2108,3192.424,30.981
2109,3193.939,26.614
2110,3195.455,27.879
2111,3196.970,21.455
2112,3198.485,21.756
2113,3200.000,23.920
2114,3201.515,25.411
2115,3203.030,23.396
2116,3204.545,27.373
2117,3206.061,26.708
2118,3207.576,26.967
2119,3209.091,30.129
2120,3210.606,31.512
2121,3212.121,26.247
2122,3213.636,27.797
2123,3215.152,38.659
2124,3216.667,28.975
2125,3218.182,31.041
2126,3219.697,25.882
2127,3221.212,30.377
2128,3222.727,29.286
2129,3224.242,26.269
2130,3225.758,27.419
2131,3227.273,29.311
2132,3228.788,26.789
2133,3230.303,27.043
2134,3231.818,31.467
2135,3233.333,32.212
2136,3234.848,29.516
2137,3236.364,38.875
2138,3237.879,39.555
2139,3239.394,39.879
2140,3240.909,44.861
2141,3242.424,43.861
2142,3243.939,42.724
2143,3245.455,45.108
2144,3246.970,47.318
2145,3248.485,46.820
2146,3250.000,51.889
2147,3251.515,43.905
2148,3253.030,41.805
2149,3254.545,51.250
2150,3256.061,41.705
2151,3257.576,40.747
2152,3259.091,55.878
2153,3260.606,40.985
2154,3262.121,41.063
2155,3263.636,40.477
2156,3265.152,36.361
2157,3266.667,38.115
2158,3268.182,33.184
2159,3269.697,35.872
2160,3271.212,35.723
2161,3272.727,39.284
2162,3274.242,38.772
2163,3275.758,44.815
2164,3277.273,30.872
2165,3278.788,42.379
2166,3280.303,34.606
2167,3281.818,35.596
2168,3283.333,31.162
2169,3284.848,35.218
2170,3286.364,28.033
2171,3287.879,30.437
2172,3289.394,32.588
2173,3290.909,31.037
2174,3292.424,37.304
2175,3293.939,36.635
2176,3295.455,42.691
2177,3296.970,43.552
2178,3298.485,38.771
2179,3300.000,40.676
2180,3301.515,42.003
2181,3303.030,41.682
2182,3304.545,40.156
2183,3306.061,44.145
2184,3307.576,43.979
2185,3309.091,46.606
2186,3310.606,46.065
2187,3312.121,44.622
2188,3313.636,44.073
2189,3315.152,50.649
2190,3316.667,44.855
2191,3318.182,41.886
2192,3319.697,47.502
2193,3321.212,45.399
2194,3322.727,43.124
2195,3324.242,43.101
2196,3325.758,42.388
2197,3327.273,40.511
2198,3328.788,36.870
2199,3330.303,37.227
2200,3331.818,36.241
2201,3333.333,33.431
2202,3334.848,33.534
2203,3336.364,32.873
2204,3337.879,34.467
2205,3339.394,31.054
2206,3340.909,34.392
2207,3342.424,35.239
2208,3343.939,30.241
2209,3345.455,30.496
2210,3346.970,30.764
2211,3348.485,31.111
2212,3350.000,30.585
2213,3351.515,32.173
2214,3353.030,34.600
2215,3354.545,32.091
2216,3356.061,33.759
2217,3357.576,33.697
2218,3359.091,34.875
2219,3360.606,35.140
2220,3362.121,42.287
2221,3363.636,37.408
2222,3365.152,39.315
2223,3366.667,40.085
2224,3368.182,52.132
2225,3369.697,45.200
2226,3371.212,45.014
2227,3372.727,45.437
2228,3374.242,45.564
2229,3375.758,44.136
2230,3377.273,40.391
2231,3378.788,40.034
2232,3380.303,40.342
2233,3381.818,39.970
2234,3383.333,43.019
2235,3384.848,40.719
2236,3386.364,43.007
2237,3387.879,43.281
2238,3389.394,46.107
2239,3390.909,45.323
2240,3392.424,43.444
2241,3393.939,41.472
2242,3395.455,37.587
2243,3396.970,35.984
2244,3398.485,35.588
2245,3400.000,37.904
2246,3401.515,34.634
2247,3403.030,37.618
2248,3404.545,37.093
2249,3406.061,32.546
2250,3407.576,39.358
2251,3409.091,40.637
2252,3410.606,34.085
2253,3412.121,35.843
2254,3413.636,36.709
2255,3415.152,36.998
2256,3416.667,45.458
2257,3418.182,46.550
2258,3419.697,44.847
2259,3421.212,50.642
2260,3422.727,54.203
2261,3424.242,54.335
2262,3425.758,52.160
2263,3427.273,50.820
2264,3428.788,50.011
2265,3430.303,47.131
2266,3431.818,49.188
2267,3433.333,46.230
2268,3434.848,36.856
2269,3436.364,41.959
2270,3437.879,45.231
2271,3439.394,43.027
2272,3440.909,44.361
2273,3442.424,41.449
2274,3443.939,36.800
2275,3445.455,33.987
2276,3446.970,32.900
2277,3448.485,31.536
2278,3450.000,31.207
2279,3451.515,30.345
2280,3453.030,33.553
2281,3454.545,35.855
2282,3456.061,36.611
2283,3457.576,34.176
2284,3459.091,30.629
2285,3460.606,28.598
2286,3462.121,28.256
2287,3463.636,28.509
2288,3465.152,27.585
2289,3466.667,24.651
2290,3468.182,24.665
2291,3469.697,25.238
2292,3471.212,26.081
2293,3472.727,25.179
2294,3474.242,23.519
2295,3475.758,24.189
2296,3477.273,25.959
2297,3478.788,27.860
2298,3480.303,27.233
2299,3481.818,28.532
2300,3483.333,29.191
2301,3484.848,27.996
2302,3486.364,23.309
2303,3487.879,20.113
2304,3489.394,17.912
2305,3490.909,17.411
2306,3492.424,17.200
2307,3493.939,17.139
2308,3495.455,16.947
2309,3496.970,16.677
2310,3498.485,15.804
2311,3500.000,14.802
2312,3501.515,15.181
2313,3503.030,14.820
2314,3504.545,13.754
